{
  "sidebar": [
    [
      {
        "class": "navigation-link",
        "items": [
          {
            "item": {
              "class": "selected",
              "content": {
                "label": "Main",
                "type": "text"
              },
              "href": "#",
              "type": "link"
            }
          },
          {
            "content": {
              "content": {
                "class": "fas fa-tags",
                "type": "icon"
              },
              "href": "#",
              "type": "link"
            },
            "flyover": {
              "content": {
                "label": "Repository",
                "type": "text"
              }
            },
            "type": "tooltip"
          }
        ]
      }
    ],
    [
      {
        "class": "page-link",
        "items": [
          {
            "content": {
              "content": {
                "class": "fab fa-jira",
                "type": "icon"
              },
              "href": "#",
              "type": "link"
            },
            "flyover": {
              "content": {
                "label": "Jira",
                "type": "text"
              }
            },
            "type": "tooltip"
          },
          {
            "content": {
              "content": {
                "class": "fab fa-confluence fa-regular",
                "type": "icon"
              },
              "href": "#",
              "type": "link"
            },
            "flyover": {
              "content": {
                "label": "Confluence",
                "type": "text"
              }
            },
            "type": "tooltip"
          },
          {
            "content": {
              "content": {
                "class": "far fa-clock",
                "type": "icon"
              },
              "href": "#",
              "type": "link"
            },
            "flyover": {
              "content": {
                "label": "Clarity",
                "type": "text"
              }
            },
            "type": "tooltip"
          }
        ]
      }
    ],
    [
      {
        "class": "page-link",
        "items": [
          {
            "content": {
              "content": {
                "class": "far fa-exclamation-triangle",
                "type": "icon"
              },
              "href": "#",
              "type": "link"
            },
            "flyover": {
              "content": {
                "label": "ServiceNow",
                "type": "text"
              }
            },
            "type": "tooltip"
          },
          {
            "content": {
              "content": {
                "class": "far fa-chart-pie",
                "type": "icon"
              },
              "href": "#",
              "type": "link"
            },
            "flyover": {
              "content": {
                "label": "DynaTrace",
                "type": "text"
              }
            },
            "type": "tooltip"
          }
        ]
      }
    ],
    [
      {
        "class": "page-link",
        "items": [
          {
            "content": {
              "content": {
                "class": "far fa-user-friends",
                "type": "icon"
              },
              "href": "#",
              "type": "link"
            },
            "flyover": {
              "content": {
                "label": "Directory",
                "type": "text"
              }
            },
            "type": "tooltip"
          },
          {
            "content": {
              "content": {
                "class": "fas fa-plane-departure",
                "type": "icon"
              },
              "href": "#",
              "type": "link"
            },
            "flyover": {
              "content": {
                "label": "Inca",
                "type": "text"
              }
            },
            "type": "tooltip"
          }
        ]
      }
    ]
  ]
}