{
  "cards": [
    {
      "theme": "green",
      "badge": "dev",
      "title": {
        "type": "text",
        "label": "DevOps"
      },
      "categories": [
        {
          "type": "list",
          "title": {
            "type": "text",
            "label": "DevOps"
          },
          "content": [
            {
              "type": "dropdown",
              "label": "code",
              "content": [
                {
                  "type": "link",
                  "content": {
                    "href": "#",
                    "type": "text",
                    "content": {
                      "type": "text",
                      "label": "link"
                    }
                  }
                }
              ]
            }
          ]
        }
      ]
    }
  ]
}